applicant_id,age,annual_income,loan_amount,credit_score,employment_status,loan_term_months,existing_loans,debt_to_income_ratio,home_ownership,loan_default
APP0001,55,32458.0,80479.0,770.0,Self-employed,36,2,0.749,Rent,1
APP0002,31,143381.0,94344.0,432.0,Salaried,24,3,0.395,Rent,1
APP0003,24,124041.0,29319.0,465.0,Salaried,60,3,0.093,Own,1
APP0004,61,89098.0,29837.0,477.0,Salaried,60,4,0.467,Rent,1
APP0005,63,88148.0,23754.0,397.0,Salaried,36,1,0.133,Rent,1
APP0006,26,157093.0,86918.0,385.0,Self-employed,36,3,0.221,Rent,1
APP0007,25,31923.0,6138.0,491.0,Unemployed,24,1,0.28,Rent,0
APP0008,51,130974.0,88002.0,781.0,Salaried,60,4,0.562,Mortgage,0
APP0009,22,50638.0,74010.0,300.0,Self-employed,60,4,0.179,Rent,1
APP0010,58,33256.0,72568.0,456.0,Self-employed,60,3,0.166,Own,1
APP0011,66,103290.0,103495.0,333.0,Unemployed,36,5,0.081,Mortgage,0
APP0012,58,176051.0,80782.0,609.0,Self-employed,24,3,0.661,Rent,1
APP0013,32,137192.0,110524.0,438.0,Salaried,24,0,0.535,Mortgage,1
APP0014,30,141305.0,115769.0,736.0,Self-employed,24,3,0.078,Mortgage,1
APP0015,55,134232.0,138417.0,622.0,Salaried,24,4,0.07,Mortgage,1
APP0016,24,145343.0,120891.0,731.0,Unemployed,12,0,0.441,Mortgage,1
APP0017,47,101143.0,80067.0,649.0,Salaried,60,0,0.248,Rent,1
APP0018,43,38754.0,76362.0,541.0,Self-employed,12,1,0.468,Own,1
APP0019,58,154040.0,39177.0,774.0,Salaried,24,5,0.354,Rent,1
APP0020,31,90962.0,91941.0,562.0,Salaried,60,3,0.696,Mortgage,1
APP0021,59,,25174.0,823.0,Contract,36,5,0.251,Rent,0
APP0022,55,78069.0,140030.0,848.0,Self-employed,48,5,0.525,Mortgage,0
APP0023,32,47573.0,127532.0,624.0,Salaried,36,3,0.088,Own,1
APP0024,38,168136.0,22361.0,671.0,Unemployed,60,4,0.719,Rent,1
APP0025,24,144614.0,118964.0,440.0,Contract,36,1,0.737,Rent,0
APP0026,43,122306.0,21980.0,748.0,Salaried,36,0,0.567,Rent,0
APP0027,34,83191.0,109578.0,670.0,Self-employed,48,2,0.376,Own,1
APP0028,26,151288.0,17717.0,797.0,Salaried,36,3,0.204,Own,0
APP0029,48,106360.0,75788.0,447.0,Self-employed,36,1,0.619,Mortgage,1
APP0030,49,89833.0,100390.0,733.0,Salaried,36,1,0.565,Rent,0
APP0031,25,90974.0,110678.0,559.0,Salaried,24,0,0.205,Own,1
APP0032,30,54812.0,65698.0,402.0,Unemployed,48,4,0.366,Own,1
APP0033,25,32926.0,138636.0,394.0,Unemployed,36,5,0.374,Rent,1
APP0034,54,107843.0,117277.0,609.0,Contract,24,4,0.628,Own,0
APP0035,37,161839.0,35198.0,476.0,Unemployed,36,2,0.529,Rent,1
APP0036,24,28338.0,102329.0,356.0,Self-employed,60,3,0.5,Mortgage,1
APP0037,30,157044.0,110928.0,535.0,Contract,36,5,0.505,Own,1
APP0038,69,152077.0,53377.0,659.0,Contract,48,3,0.239,Rent,1
APP0039,33,62835.0,112044.0,475.0,Salaried,60,1,0.31,Own,1
APP0040,55,120330.0,135264.0,826.0,Salaried,12,2,0.082,Rent,1
APP0041,44,44767.0,123482.0,729.0,Salaried,48,4,0.601,Mortgage,1
APP0042,30,140810.0,115567.0,582.0,Self-employed,36,2,0.353,Rent,1
APP0043,36,131485.0,97002.0,814.0,Salaried,24,5,0.357,Mortgage,1
APP0044,21,75433.0,44227.0,538.0,Salaried,48,5,0.222,Own,1
APP0045,58,29003.0,120308.0,376.0,Self-employed,60,0,0.197,Rent,1
APP0046,37,175254.0,57808.0,319.0,Salaried,36,4,0.461,Rent,0
APP0047,45,90201.0,82169.0,816.0,Salaried,36,2,0.213,Rent,0
APP0048,28,162686.0,50594.0,828.0,Contract,36,3,0.095,Mortgage,0
APP0049,62,127823.0,50387.0,707.0,Contract,36,1,0.587,Own,0
APP0050,31,144098.0,27853.0,356.0,Salaried,36,2,0.314,Mortgage,1
APP0051,49,141104.0,144389.0,461.0,Salaried,36,1,0.316,Mortgage,0
APP0052,64,49531.0,26428.0,322.0,Salaried,36,0,0.352,Rent,0
APP0053,56,76953.0,17507.0,328.0,Contract,24,4,0.621,Rent,0
APP0054,51,93609.0,140739.0,435.0,Contract,48,0,0.275,Rent,1
APP0055,65,98642.0,85477.0,615.0,Salaried,48,2,0.581,Own,0
APP0056,29,25096.0,68496.0,336.0,Contract,48,1,0.708,Mortgage,1
APP0057,69,106544.0,111936.0,842.0,Salaried,12,0,0.513,Rent,1
APP0058,48,42995.0,60581.0,550.0,Salaried,36,2,0.352,Mortgage,1
APP0059,41,138427.0,23548.0,445.0,Unemployed,36,5,0.573,Rent,1
APP0060,33,128654.0,110805.0,584.0,Salaried,24,5,0.371,Rent,0
APP0061,58,167450.0,30520.0,735.0,Salaried,24,2,0.34,Rent,1
APP0062,69,138652.0,85184.0,472.0,Salaried,36,3,0.418,Rent,1
APP0063,55,77396.0,142615.0,326.0,Self-employed,48,5,0.272,Mortgage,1
APP0064,22,174737.0,140741.0,328.0,Unemployed,36,1,0.123,Own,1
APP0065,44,84558.0,57313.0,769.0,Unemployed,60,5,0.34,Mortgage,1
APP0066,57,70784.0,118144.0,361.0,Salaried,36,0,0.137,Mortgage,1
APP0067,40,164697.0,93838.0,650.0,Salaried,48,1,0.337,Mortgage,0
APP0068,59,78014.0,74509.0,511.0,Contract,36,2,0.44,Rent,1
APP0069,56,30367.0,25289.0,728.0,Salaried,36,0,0.701,Mortgage,0
APP0070,24,94068.0,59572.0,333.0,Contract,36,4,0.075,Rent,1
APP0071,48,146900.0,99528.0,794.0,Self-employed,60,5,0.485,Mortgage,1
APP0072,29,48694.0,148062.0,684.0,Salaried,36,2,0.37,Own,0
APP0073,45,92996.0,5709.0,547.0,Contract,36,5,0.064,Rent,1
APP0074,40,39047.0,109075.0,414.0,Salaried,36,4,0.225,Rent,0
APP0075,61,129210.0,127719.0,838.0,Salaried,48,4,0.133,Rent,0
APP0076,64,95064.0,142924.0,466.0,Self-employed,12,4,0.202,Rent,1
APP0077,44,71492.0,66451.0,570.0,Salaried,36,3,0.242,Mortgage,0
APP0078,47,54759.0,22179.0,517.0,Self-employed,36,0,0.331,Own,0
APP0079,52,109449.0,44290.0,427.0,Self-employed,60,5,0.42,Rent,1
APP0080,53,126510.0,128328.0,529.0,Unemployed,36,3,0.051,Own,1
APP0081,52,170330.0,132301.0,383.0,Unemployed,36,5,0.163,Mortgage,1
APP0082,60,88819.0,97376.0,300.0,Salaried,60,5,0.115,Mortgage,1
APP0083,70,44031.0,22797.0,459.0,Salaried,36,1,0.435,Rent,1
APP0084,62,152894.0,22678.0,361.0,Self-employed,24,2,0.28,Rent,1
APP0085,27,120022.0,74335.0,528.0,Unemployed,24,1,0.434,Mortgage,0
APP0086,44,131443.0,90297.0,775.0,Salaried,24,0,0.205,Mortgage,0
APP0087,44,33750.0,9694.0,389.0,Salaried,12,5,0.067,Rent,1
APP0088,46,68603.0,104484.0,300.0,Salaried,36,5,0.709,Rent,1
APP0089,47,142391.0,83954.0,,Salaried,48,5,0.126,Mortgage,1
APP0090,56,152826.0,6783.0,580.0,Self-employed,48,5,0.139,Own,0
APP0091,42,88505.0,18873.0,451.0,Salaried,12,3,0.153,Mortgage,1
APP0092,34,148372.0,70876.0,569.0,Contract,36,3,0.737,Rent,1
APP0093,43,154354.0,109775.0,316.0,Contract,24,5,0.482,Mortgage,1
APP0094,63,80771.0,124683.0,483.0,Contract,60,3,0.477,Own,1
APP0095,36,163491.0,67539.0,525.0,Salaried,24,3,0.741,Own,1
APP0096,22,64709.0,47827.0,537.0,Salaried,36,1,0.112,Mortgage,1
APP0097,69,56808.0,145405.0,603.0,Self-employed,36,4,0.732,Mortgage,0
APP0098,30,128564.0,71489.0,730.0,Contract,36,4,0.193,Mortgage,0
APP0099,51,121156.0,50731.0,557.0,Salaried,36,4,0.486,Mortgage,1
APP0100,61,40640.0,69135.0,763.0,Contract,48,2,0.344,Rent,0
APP0101,34,152904.0,6753.0,591.0,Salaried,36,1,0.319,Own,1
APP0102,38,50385.0,48779.0,443.0,Contract,60,0,0.702,Own,0
APP0103,35,148394.0,79755.0,426.0,Salaried,36,3,0.154,Rent,1
APP0104,28,19192.0,138174.0,477.0,Salaried,48,4,0.748,Own,1
APP0105,28,147089.0,112043.0,629.0,Self-employed,60,4,0.315,Mortgage,1
APP0106,30,145482.0,118288.0,433.0,Salaried,60,5,0.504,Own,1
APP0107,43,144419.0,84011.0,803.0,Salaried,24,2,0.728,Own,1
APP0108,47,125706.0,21035.0,564.0,Salaried,36,4,0.09,Own,0
APP0109,21,94394.0,61684.0,775.0,Salaried,36,4,0.696,Own,1
APP0110,63,132237.0,149571.0,676.0,Contract,36,1,0.447,Own,0
APP0111,54,62893.0,11404.0,483.0,Salaried,36,5,0.543,Rent,1
APP0112,24,144478.0,132484.0,425.0,Self-employed,60,0,0.154,Rent,0
APP0113,63,108015.0,104252.0,709.0,Contract,60,3,0.423,Rent,1
APP0114,22,92344.0,46167.0,482.0,Salaried,36,5,0.521,Mortgage,1
APP0115,49,99908.0,117809.0,436.0,Salaried,36,3,0.369,Rent,1
APP0116,44,110136.0,126350.0,812.0,Contract,60,5,0.158,Rent,1
APP0117,46,24036.0,11266.0,565.0,Contract,60,0,0.221,Rent,1
APP0118,68,40647.0,20430.0,326.0,Self-employed,24,3,0.648,Own,1
APP0119,67,57768.0,101534.0,572.0,Contract,36,4,0.074,Rent,0
APP0120,34,36553.0,149871.0,553.0,Salaried,60,3,0.546,Mortgage,1
APP0121,49,89217.0,8475.0,776.0,Salaried,36,5,0.75,Rent,1
APP0122,68,126281.0,101524.0,692.0,Self-employed,36,2,0.055,Own,0
APP0123,57,124018.0,24796.0,405.0,Salaried,60,4,0.163,Rent,1
APP0124,65,94318.0,99268.0,382.0,Contract,60,2,0.522,Mortgage,1
APP0125,42,156523.0,95381.0,632.0,Salaried,60,5,0.092,Rent,0
APP0126,35,109568.0,18113.0,326.0,Contract,48,0,0.463,Rent,1
APP0127,46,30830.0,103706.0,475.0,Salaried,36,1,0.529,Mortgage,1
APP0128,61,141930.0,135070.0,376.0,Salaried,36,0,0.462,Rent,1
APP0129,67,111085.0,130200.0,311.0,Salaried,36,4,0.306,Rent,1
APP0130,55,120825.0,9204.0,806.0,Salaried,36,1,0.538,Own,1
APP0131,56,109591.0,40658.0,349.0,Contract,36,1,0.466,Own,0
APP0132,46,107680.0,39920.0,305.0,Salaried,36,5,0.195,Mortgage,1
APP0133,36,32671.0,70727.0,814.0,Salaried,36,2,0.444,Rent,1
APP0134,42,108592.0,25738.0,403.0,Salaried,48,0,0.667,Rent,0
APP0135,45,146776.0,128881.0,749.0,Salaried,36,0,0.517,Rent,1
APP0136,61,67240.0,117632.0,317.0,Contract,36,1,0.38,Own,1
APP0137,48,115660.0,122211.0,384.0,Salaried,24,5,0.275,Mortgage,1
APP0138,60,22992.0,33739.0,360.0,Unemployed,24,3,0.11,Own,1
APP0139,22,74295.0,7113.0,689.0,Salaried,60,5,0.221,Mortgage,1
APP0140,58,88748.0,137043.0,641.0,Self-employed,36,1,0.058,Rent,1
APP0141,46,177204.0,46892.0,562.0,Salaried,24,2,0.741,Own,1
APP0142,70,52762.0,100159.0,433.0,Salaried,48,0,0.206,Own,1
APP0143,44,62801.0,136869.0,348.0,Contract,36,2,0.62,Mortgage,1
APP0144,44,84182.0,10243.0,613.0,Unemployed,12,3,0.168,Own,1
APP0145,27,178812.0,5793.0,427.0,Contract,36,4,0.249,Own,1
APP0146,61,156252.0,5787.0,625.0,Salaried,24,2,0.343,Mortgage,0
APP0147,56,23620.0,27667.0,678.0,Salaried,48,4,0.277,Rent,1
APP0148,64,55898.0,12490.0,768.0,Self-employed,36,3,0.609,Rent,1
APP0149,25,151112.0,123898.0,572.0,Salaried,12,1,0.72,Own,1
APP0150,31,27445.0,92859.0,302.0,Self-employed,12,5,0.663,Mortgage,1
APP0151,64,156619.0,147107.0,454.0,Self-employed,36,2,0.158,Own,0
APP0152,23,63584.0,121215.0,770.0,Self-employed,12,0,0.594,Own,0
APP0153,46,166660.0,144663.0,593.0,Contract,60,5,0.154,Rent,1
APP0154,41,65562.0,39590.0,641.0,Self-employed,24,5,0.689,Own,1
APP0155,67,88359.0,46731.0,552.0,Salaried,36,0,0.413,Rent,0
APP0156,63,125231.0,128165.0,389.0,Salaried,36,5,0.285,Own,1
APP0157,65,38457.0,40508.0,794.0,Self-employed,36,5,0.16,Own,0
APP0158,35,108239.0,13298.0,725.0,Salaried,12,4,0.058,Rent,0
APP0159,50,99813.0,102024.0,848.0,Salaried,60,1,0.224,Mortgage,0
APP0160,56,144992.0,121140.0,771.0,Salaried,60,3,0.69,Own,1
APP0161,69,179370.0,145389.0,460.0,Contract,12,3,0.608,Own,1
APP0162,21,125619.0,139531.0,440.0,Contract,24,3,0.729,Mortgage,1
APP0163,69,84288.0,22433.0,436.0,Self-employed,60,3,0.121,Mortgage,0
APP0164,38,83835.0,116956.0,806.0,Salaried,36,3,0.465,Rent,0
APP0165,27,85709.0,127689.0,606.0,Salaried,24,3,0.23,Own,1
APP0166,51,149872.0,106228.0,550.0,Self-employed,24,4,0.43,Rent,1
APP0167,60,70037.0,123871.0,833.0,Salaried,48,3,0.274,Own,0
APP0168,27,45049.0,126507.0,632.0,Self-employed,48,0,0.248,Own,0
APP0169,23,72155.0,69750.0,801.0,Self-employed,36,0,0.452,Rent,0
APP0170,65,21679.0,10821.0,842.0,Salaried,60,5,0.178,Rent,0
APP0171,67,35195.0,71148.0,343.0,Salaried,36,5,0.378,Rent,1
APP0172,28,32587.0,34258.0,499.0,Salaried,36,3,0.506,Rent,1
APP0173,66,142992.0,21490.0,704.0,Contract,36,1,0.14,Own,0
APP0174,66,135022.0,23114.0,748.0,Self-employed,36,4,0.701,Rent,0
APP0175,70,130877.0,106119.0,381.0,Salaried,24,0,0.404,Mortgage,1
APP0176,31,92824.0,78157.0,475.0,Contract,12,2,0.624,Mortgage,1
APP0177,49,134164.0,83277.0,602.0,Salaried,36,1,0.508,Rent,0
APP0178,70,44126.0,113053.0,740.0,Salaried,48,0,0.547,Rent,0
APP0179,66,163901.0,84499.0,362.0,Unemployed,12,4,0.551,Own,1
APP0180,51,99169.0,96352.0,631.0,Salaried,36,3,0.663,Own,1
APP0181,30,169965.0,17473.0,463.0,Salaried,36,1,0.48,Rent,1
APP0182,25,42674.0,128414.0,419.0,Self-employed,36,3,0.245,Own,0
APP0183,33,98567.0,70073.0,583.0,Salaried,48,0,0.12,Rent,0
APP0184,24,130804.0,27506.0,528.0,Self-employed,60,2,0.474,Rent,1
APP0185,30,98291.0,122933.0,650.0,Salaried,48,3,0.096,Own,1
APP0186,24,90277.0,111520.0,475.0,Salaried,24,2,0.219,Own,0
APP0187,59,44926.0,12688.0,753.0,Salaried,36,4,0.092,Rent,1
APP0188,50,79725.0,32991.0,343.0,Salaried,36,1,0.434,Mortgage,1
APP0189,46,56680.0,7283.0,774.0,Salaried,36,0,0.162,Rent,0
APP0190,61,66845.0,44260.0,316.0,Salaried,12,3,0.477,Rent,1
APP0191,41,128760.0,19497.0,705.0,Contract,24,5,0.604,Own,1
APP0192,41,120106.0,107936.0,490.0,Salaried,36,2,0.625,Rent,1
APP0193,31,116366.0,80770.0,511.0,Salaried,36,0,0.267,Own,1
APP0194,43,76614.0,147130.0,310.0,Salaried,24,5,0.434,Rent,1
APP0195,29,173471.0,113667.0,686.0,Salaried,60,2,0.444,Mortgage,0
APP0196,50,32199.0,93674.0,391.0,Salaried,60,1,0.381,Rent,1
APP0197,70,73500.0,78850.0,663.0,Self-employed,24,3,0.509,Own,1
APP0198,47,37117.0,12902.0,699.0,Salaried,60,1,0.197,Own,0
APP0199,35,72909.0,15179.0,765.0,Contract,12,5,0.735,Own,0
APP0200,55,173828.0,94365.0,690.0,Unemployed,60,1,0.119,Rent,0
APP0201,62,77335.0,5634.0,466.0,Salaried,60,3,0.63,Mortgage,1
APP0202,44,165190.0,11140.0,706.0,Salaried,12,3,0.466,Own,0
APP0203,33,98201.0,36774.0,755.0,Salaried,48,1,0.221,Rent,0
APP0204,56,131353.0,133202.0,474.0,Self-employed,60,2,0.572,Rent,1
APP0205,30,92102.0,71545.0,368.0,Salaried,60,0,0.109,Own,0
APP0206,70,61071.0,107889.0,790.0,,60,3,0.592,Own,1
APP0207,36,141805.0,64676.0,381.0,Contract,36,4,0.463,Rent,1
APP0208,38,175007.0,30103.0,627.0,Contract,12,5,0.128,Rent,0
APP0209,57,60691.0,58818.0,430.0,Self-employed,60,1,0.106,Rent,1
APP0210,21,144158.0,18299.0,369.0,Unemployed,36,1,0.576,Rent,0
APP0211,31,60304.0,116687.0,727.0,Salaried,36,3,0.255,Mortgage,0
APP0212,27,134136.0,31612.0,379.0,Salaried,36,4,0.673,Mortgage,1
APP0213,40,145819.0,59575.0,669.0,Salaried,36,5,0.583,Mortgage,0
APP0214,48,90797.0,147104.0,681.0,Unemployed,24,0,0.539,Mortgage,1
APP0215,29,137381.0,90835.0,333.0,Self-employed,48,1,0.245,Mortgage,1
APP0216,38,62103.0,71491.0,395.0,Contract,12,1,0.546,Mortgage,1
APP0217,59,30839.0,83737.0,737.0,Salaried,48,1,0.714,Rent,0
APP0218,67,33615.0,118692.0,579.0,Unemployed,60,2,0.114,Mortgage,1
APP0219,21,90418.0,41900.0,366.0,Salaried,36,5,0.278,Mortgage,1
APP0220,52,164222.0,97279.0,846.0,Salaried,36,0,0.214,Rent,0
APP0221,22,38667.0,131541.0,446.0,Unemployed,36,4,0.325,Rent,1
APP0222,47,91836.0,88000.0,302.0,Salaried,60,3,0.57,Rent,1
APP0223,64,132053.0,69748.0,809.0,Salaried,48,3,0.382,Mortgage,0
APP0224,60,50783.0,26044.0,309.0,Self-employed,36,4,0.45,Rent,1
APP0225,32,134902.0,41002.0,604.0,Salaried,24,0,0.27,Mortgage,0
APP0226,33,67565.0,142174.0,847.0,Salaried,24,4,0.149,Mortgage,0
APP0227,60,149003.0,83483.0,618.0,Salaried,36,1,0.237,Mortgage,0
APP0228,61,111834.0,48694.0,622.0,Salaried,60,3,0.652,Own,1
APP0229,35,106599.0,65663.0,513.0,Contract,48,4,0.472,Rent,1
APP0230,21,46637.0,88813.0,369.0,Self-employed,24,3,0.315,Mortgage,1
APP0231,43,93039.0,82944.0,615.0,Salaried,60,1,0.603,Mortgage,1
APP0232,51,156772.0,106468.0,794.0,Salaried,36,2,0.095,Mortgage,1
APP0233,43,21162.0,42336.0,350.0,Salaried,60,2,0.228,Rent,0
APP0234,67,140880.0,99139.0,785.0,Self-employed,36,0,0.211,Rent,0
APP0235,61,97828.0,69188.0,528.0,Unemployed,36,4,0.74,Own,0
APP0236,60,134553.0,141387.0,595.0,Unemployed,60,0,0.544,Mortgage,0
APP0237,22,125454.0,27898.0,391.0,Salaried,36,2,0.482,Own,1
APP0238,63,87999.0,26523.0,642.0,Salaried,48,3,0.053,Rent,1
APP0239,58,68004.0,71940.0,400.0,Salaried,60,0,0.179,Mortgage,1
APP0240,40,119624.0,78711.0,450.0,Self-employed,24,5,0.495,Rent,1
APP0241,50,40716.0,105177.0,697.0,Salaried,24,2,0.316,Own,0
APP0242,62,112624.0,63585.0,327.0,Self-employed,48,0,0.697,Own,1
APP0243,66,33340.0,137489.0,546.0,Self-employed,36,3,0.585,Mortgage,1
APP0244,48,123275.0,73754.0,627.0,Salaried,12,3,0.363,Rent,0
APP0245,23,119857.0,23753.0,372.0,Salaried,36,3,0.575,Own,1
APP0246,51,31680.0,22286.0,462.0,Salaried,48,4,0.733,Rent,1
APP0247,55,140713.0,146144.0,489.0,Salaried,36,2,0.373,Own,1
APP0248,23,85361.0,24443.0,665.0,Salaried,36,4,0.5,Mortgage,1
APP0249,61,145476.0,142439.0,838.0,Self-employed,60,2,0.693,Rent,0
APP0250,31,24741.0,45321.0,760.0,Salaried,36,3,0.224,Own,1
APP0251,65,47072.0,18544.0,404.0,Salaried,60,0,0.671,Own,1
APP0252,48,98027.0,49182.0,310.0,Self-employed,36,3,0.118,Rent,1
APP0253,37,48492.0,94131.0,328.0,Contract,60,1,0.504,Rent,1
APP0254,23,71437.0,67046.0,628.0,Salaried,48,4,0.598,Mortgage,1
APP0255,21,125017.0,118909.0,386.0,Contract,24,4,0.48,Rent,1
APP0256,58,41413.0,93593.0,427.0,Unemployed,60,5,0.397,Rent,1
APP0257,39,127788.0,63114.0,766.0,Self-employed,36,5,0.482,Own,1
APP0258,63,34751.0,97021.0,781.0,Self-employed,24,0,0.156,Own,0
APP0259,32,46380.0,145863.0,762.0,Salaried,24,0,0.201,Mortgage,0
APP0260,67,113199.0,64712.0,439.0,Unemployed,48,5,0.239,Own,1
APP0261,68,146545.0,27249.0,641.0,Salaried,12,2,0.468,Mortgage,0
APP0262,26,45636.0,64273.0,636.0,Unemployed,36,0,0.359,Rent,0
APP0263,53,66599.0,126817.0,402.0,Self-employed,24,1,0.221,Own,1
APP0264,67,167870.0,36556.0,605.0,Salaried,36,5,0.668,Own,0
APP0265,37,178329.0,142626.0,589.0,Salaried,36,2,0.312,Own,0
APP0266,24,112132.0,90304.0,518.0,Self-employed,36,0,0.362,Mortgage,0
APP0267,64,90420.0,92228.0,714.0,Self-employed,36,4,0.337,Rent,1
APP0268,44,74193.0,50971.0,673.0,Salaried,12,1,0.177,Rent,0
APP0269,22,117217.0,138467.0,593.0,Self-employed,36,2,0.562,Rent,1
APP0270,63,113728.0,10228.0,699.0,Contract,36,0,0.364,Rent,0
APP0271,54,65750.0,48307.0,720.0,Salaried,48,3,0.061,Mortgage,1
APP0272,24,21694.0,65668.0,612.0,Salaried,24,2,0.725,Mortgage,1
APP0273,33,42542.0,74205.0,447.0,Salaried,12,5,0.621,Rent,1
APP0274,21,173287.0,73749.0,717.0,Contract,36,2,0.556,Mortgage,1
APP0275,68,85741.0,26449.0,695.0,Salaried,36,1,0.658,Mortgage,0
APP0276,22,96133.0,37711.0,841.0,Contract,36,0,0.685,Rent,0
APP0277,60,93671.0,18810.0,382.0,Salaried,60,1,0.286,Rent,1
APP0278,46,144803.0,88006.0,531.0,Self-employed,36,2,0.478,Own,1
APP0279,50,28523.0,55876.0,809.0,Salaried,36,0,0.476,Mortgage,1
APP0280,61,31402.0,87037.0,583.0,Salaried,36,2,0.237,Mortgage,0
APP0281,65,62687.0,90509.0,819.0,Contract,12,5,0.205,Own,1
APP0282,27,96839.0,106791.0,306.0,Salaried,36,4,0.13,Mortgage,1
APP0283,21,126722.0,84320.0,319.0,Self-employed,36,3,0.512,Mortgage,1
APP0284,27,97495.0,98953.0,738.0,Unemployed,36,5,0.597,Own,1
APP0285,55,89469.0,90137.0,497.0,Unemployed,24,4,0.583,Rent,1
APP0286,49,169928.0,99603.0,586.0,Contract,48,3,0.271,Mortgage,0
APP0287,25,44085.0,94413.0,535.0,Salaried,60,5,0.194,Mortgage,1
APP0288,32,110620.0,50851.0,524.0,Self-employed,12,0,0.368,Own,0
APP0289,47,105844.0,40711.0,817.0,Contract,36,4,0.433,Rent,1
APP0290,57,94705.0,119178.0,351.0,Salaried,48,1,0.693,Rent,1
APP0291,38,148831.0,54692.0,725.0,Salaried,36,4,0.662,Own,0
APP0292,68,61250.0,84626.0,790.0,Contract,48,5,0.691,Rent,1
APP0293,70,172512.0,33561.0,662.0,Salaried,36,2,0.645,Own,0
APP0294,59,71714.0,67556.0,517.0,Self-employed,60,0,0.725,Own,1
APP0295,43,106291.0,81801.0,388.0,Unemployed,60,2,0.376,Rent,1
APP0296,64,102349.0,95772.0,676.0,Self-employed,12,2,0.083,Rent,0
APP0297,57,155664.0,81325.0,558.0,Salaried,36,5,0.108,Rent,1
APP0298,46,89104.0,57295.0,382.0,Salaried,36,5,0.323,Mortgage,1
APP0299,43,64098.0,144457.0,498.0,Salaried,24,3,0.23,Rent,1
APP0300,62,21501.0,79347.0,829.0,Salaried,36,5,0.169,Own,1
APP0301,48,76916.0,122204.0,446.0,Contract,60,2,0.717,Own,1
APP0302,30,151860.0,111823.0,398.0,Contract,12,2,0.187,Own,0
APP0303,70,19606.0,85956.0,675.0,Salaried,36,5,0.722,Rent,1
APP0304,24,163178.0,133529.0,409.0,Salaried,60,4,0.583,Own,1
APP0305,55,105938.0,23598.0,806.0,Contract,36,3,0.499,Own,0
APP0306,53,40720.0,138554.0,773.0,Salaried,36,2,0.523,Own,0
APP0307,50,66953.0,128283.0,841.0,Self-employed,60,4,0.282,Rent,1
APP0308,23,107754.0,78027.0,802.0,Salaried,36,4,0.502,Rent,0
APP0309,45,69142.0,111342.0,434.0,Self-employed,24,2,0.181,Mortgage,1
APP0310,65,35589.0,80440.0,416.0,Salaried,12,0,0.706,Mortgage,1
APP0311,32,125890.0,43971.0,488.0,Self-employed,60,0,0.261,Rent,0
APP0312,55,126903.0,120982.0,558.0,Salaried,36,0,0.229,Own,1
APP0313,63,37257.0,40658.0,784.0,Self-employed,36,2,0.548,Rent,0
APP0314,68,63560.0,50595.0,704.0,Salaried,24,3,0.51,Own,0
APP0315,46,57507.0,80297.0,655.0,Salaried,36,4,0.366,Rent,1
APP0316,36,124827.0,126421.0,783.0,Self-employed,60,1,0.493,Rent,0
APP0317,55,136308.0,60669.0,655.0,Salaried,36,4,0.162,Rent,1
APP0318,45,135773.0,76651.0,508.0,Salaried,60,3,0.521,Own,1
APP0319,52,170080.0,11041.0,527.0,Salaried,36,0,0.239,Rent,0
APP0320,58,142521.0,21799.0,584.0,Salaried,36,2,0.241,Mortgage,0
APP0321,56,69950.0,13112.0,348.0,Salaried,60,1,0.164,Mortgage,1
APP0322,33,35454.0,15448.0,708.0,Unemployed,36,5,0.283,Rent,1
APP0323,58,117572.0,130936.0,659.0,Salaried,36,5,0.282,Rent,1
APP0324,48,166394.0,127089.0,702.0,Contract,60,4,0.368,Own,1
APP0325,67,175976.0,124174.0,594.0,Unemployed,36,3,0.183,Rent,1
APP0326,53,55294.0,13057.0,731.0,Salaried,36,2,0.185,Rent,0
APP0327,65,56306.0,16258.0,823.0,Self-employed,60,1,0.429,Own,0
APP0328,69,24060.0,45688.0,614.0,Contract,24,4,0.14,Rent,0
APP0329,70,40884.0,86968.0,544.0,Self-employed,36,0,0.532,Mortgage,1
APP0330,58,107886.0,53449.0,357.0,Salaried,12,1,0.711,Rent,1
APP0331,50,106582.0,75696.0,729.0,Salaried,36,0,0.349,Rent,0
APP0332,26,78089.0,30084.0,798.0,Salaried,24,2,0.681,Rent,1
APP0333,40,68213.0,110963.0,685.0,Self-employed,48,1,0.119,Rent,0
APP0334,44,152426.0,50514.0,776.0,Unemployed,24,1,0.08,Rent,0
APP0335,60,92525.0,14648.0,774.0,Unemployed,48,2,0.555,Own,1
APP0336,50,148937.0,112691.0,739.0,Salaried,36,5,0.583,Rent,0
APP0337,42,174041.0,135905.0,577.0,Self-employed,36,3,0.64,Rent,1
APP0338,28,69376.0,7129.0,355.0,Salaried,36,4,0.09,Own,1
APP0339,56,50843.0,68318.0,301.0,Unemployed,48,5,0.594,Mortgage,1
APP0340,42,172370.0,124940.0,412.0,Salaried,36,5,0.314,Own,0
APP0341,22,120843.0,107394.0,537.0,Unemployed,36,2,0.262,Rent,1
APP0342,35,65128.0,129200.0,709.0,Contract,60,5,0.171,Rent,1
APP0343,64,118741.0,65205.0,551.0,Salaried,36,5,0.747,Rent,1
APP0344,26,101439.0,58978.0,312.0,Salaried,24,5,0.095,Rent,1
APP0345,41,164697.0,107831.0,415.0,Contract,60,2,0.629,Mortgage,1
APP0346,46,59466.0,27274.0,839.0,Salaried,36,1,0.498,Rent,0
APP0347,25,178605.0,39716.0,844.0,Self-employed,12,3,0.565,Rent,0
APP0348,29,169639.0,92122.0,507.0,Unemployed,36,5,0.548,Rent,1
APP0349,68,47273.0,101926.0,743.0,Self-employed,24,5,0.651,Own,0
APP0350,50,44666.0,22352.0,696.0,Salaried,36,3,0.179,Own,1
APP0351,31,104371.0,78705.0,813.0,Salaried,48,0,0.051,Rent,0
APP0352,29,25275.0,57913.0,789.0,Salaried,24,2,0.469,Own,0
APP0353,42,66405.0,77753.0,646.0,Unemployed,60,4,0.298,Rent,1
APP0354,57,88486.0,143973.0,517.0,Salaried,60,3,0.137,Rent,0
APP0355,57,175039.0,16108.0,645.0,Salaried,36,2,0.18,Rent,0
APP0356,30,178765.0,149343.0,475.0,Salaried,48,2,0.282,Own,1
APP0357,57,42549.0,70189.0,491.0,Unemployed,48,0,0.099,Mortgage,1
APP0358,65,162452.0,116955.0,635.0,Salaried,60,1,0.09,Rent,0
APP0359,32,32730.0,66548.0,614.0,Contract,36,4,0.691,Rent,1
APP0360,22,139275.0,50089.0,620.0,Self-employed,24,1,0.268,Own,0
APP0361,68,154994.0,116737.0,511.0,Contract,36,5,0.738,Rent,1
APP0362,47,162309.0,104712.0,525.0,Unemployed,36,0,0.725,Own,1
APP0363,59,54193.0,25888.0,305.0,Contract,24,3,0.15,Rent,1
APP0364,37,162739.0,107284.0,631.0,Unemployed,36,2,0.55,Rent,0
APP0365,35,36789.0,114196.0,617.0,Salaried,12,4,0.471,Mortgage,1
APP0366,32,102055.0,61237.0,815.0,Contract,60,5,0.533,Rent,0
APP0367,31,94066.0,139220.0,577.0,Self-employed,36,3,0.117,Rent,0
APP0368,44,69180.0,97929.0,557.0,Self-employed,12,3,0.182,Own,0
APP0369,26,21582.0,53376.0,337.0,Contract,24,4,0.104,Rent,0
APP0370,63,143066.0,6555.0,408.0,Unemployed,36,3,0.473,Rent,1
APP0371,46,72364.0,102869.0,486.0,Self-employed,36,1,0.741,Rent,1
APP0372,66,125189.0,35313.0,507.0,Salaried,12,2,0.52,Own,1
APP0373,46,84456.0,114697.0,499.0,Salaried,36,1,0.548,Own,1
APP0374,36,78532.0,81138.0,517.0,Salaried,24,2,0.739,Own,0
APP0375,46,161580.0,72675.0,723.0,Salaried,36,3,0.525,Mortgage,0
APP0376,28,33303.0,28744.0,372.0,Salaried,36,1,0.078,Rent,1
APP0377,62,137332.0,108168.0,483.0,Salaried,36,1,0.657,Own,1
APP0378,57,138980.0,29056.0,389.0,Salaried,36,4,0.305,Mortgage,1
APP0379,28,79558.0,65574.0,469.0,Contract,24,2,0.053,Own,0
APP0380,50,60518.0,126264.0,677.0,Salaried,12,1,0.405,Rent,1
APP0381,47,18859.0,138453.0,325.0,Unemployed,24,4,0.706,Rent,1
APP0382,31,169764.0,148425.0,487.0,Self-employed,48,4,0.23,Mortgage,1
APP0383,27,171533.0,143912.0,313.0,Salaried,60,4,0.394,Rent,1
APP0384,59,57037.0,85616.0,826.0,Salaried,60,4,0.172,Rent,0
APP0385,34,23169.0,34069.0,700.0,Salaried,36,5,0.09,Mortgage,1
APP0386,46,37886.0,126665.0,434.0,Unemployed,36,3,0.106,Own,1
APP0387,33,28958.0,121237.0,409.0,Salaried,36,1,0.559,Mortgage,1
APP0388,53,152641.0,148597.0,354.0,Salaried,48,5,0.655,Mortgage,1
APP0389,23,162490.0,99388.0,560.0,Unemployed,48,1,0.15,Mortgage,1
APP0390,38,42832.0,25531.0,715.0,Unemployed,60,1,0.252,Own,0
APP0391,48,138972.0,77921.0,621.0,Salaried,60,4,,Own,0
APP0392,42,47041.0,69996.0,785.0,Salaried,36,5,0.069,Rent,0
APP0393,51,77488.0,127228.0,489.0,Salaried,48,2,0.437,Rent,1
APP0394,30,115100.0,61923.0,453.0,Salaried,60,4,0.54,Rent,0
APP0395,43,134628.0,52646.0,563.0,Salaried,36,5,0.504,Mortgage,1
APP0396,58,159679.0,16607.0,411.0,Self-employed,60,4,0.322,Rent,0
APP0397,37,25255.0,126142.0,837.0,Unemployed,24,0,0.439,Rent,1
APP0398,28,49822.0,114523.0,402.0,Self-employed,60,3,0.116,Rent,1
APP0399,63,63442.0,10978.0,563.0,Self-employed,48,1,0.158,Own,0
APP0400,59,68272.0,67898.0,587.0,Salaried,24,5,0.702,Own,1
APP0401,55,179681.0,74559.0,331.0,Contract,48,0,0.583,Own,1
APP0402,60,143940.0,73052.0,558.0,Self-employed,12,5,0.696,Mortgage,1
APP0403,59,69907.0,138245.0,550.0,Contract,48,1,0.692,Rent,1
APP0404,58,175436.0,26847.0,442.0,Unemployed,48,2,0.505,Rent,0
APP0405,46,98888.0,49420.0,370.0,Salaried,36,1,0.7,Rent,1
APP0406,21,99120.0,31234.0,324.0,Salaried,60,4,0.342,Rent,1
APP0407,50,88259.0,40392.0,304.0,Salaried,24,2,0.053,Mortgage,0
APP0408,34,41311.0,136530.0,565.0,Salaried,36,4,0.094,Mortgage,1
APP0409,59,169369.0,141405.0,349.0,Unemployed,36,0,0.127,Rent,1
APP0410,44,20257.0,11474.0,828.0,Salaried,12,2,0.117,Mortgage,0
APP0411,66,46233.0,96653.0,434.0,Contract,36,5,0.296,Rent,1
APP0412,50,55204.0,38763.0,659.0,Self-employed,36,5,0.541,Rent,1
APP0413,48,63246.0,32921.0,671.0,Salaried,36,1,0.603,Mortgage,0
APP0414,66,39355.0,47348.0,573.0,Salaried,36,2,0.463,Rent,1
APP0415,44,20909.0,33186.0,786.0,Self-employed,60,2,0.153,Rent,0
APP0416,39,127781.0,76079.0,360.0,Self-employed,36,3,0.574,Rent,1
APP0417,39,175029.0,149364.0,428.0,Salaried,60,3,0.298,Rent,1
APP0418,64,37736.0,90035.0,439.0,Salaried,36,0,0.059,Rent,1
APP0419,58,66038.0,109870.0,374.0,Self-employed,36,4,0.246,Rent,1
APP0420,29,100025.0,76527.0,462.0,Salaried,36,1,0.281,Rent,0
APP0421,45,168256.0,7016.0,472.0,Unemployed,36,1,0.242,Own,1
APP0422,39,130471.0,17196.0,721.0,Salaried,36,5,0.618,Mortgage,1
APP0423,53,142123.0,43986.0,466.0,Salaried,36,4,0.582,Rent,1
APP0424,23,112141.0,40332.0,783.0,Salaried,24,2,0.537,Mortgage,1
APP0425,56,85560.0,126884.0,725.0,Salaried,36,5,0.147,Own,0
APP0426,58,50363.0,127321.0,796.0,Salaried,36,2,0.615,Rent,1
APP0427,32,158019.0,128848.0,357.0,Salaried,36,3,0.524,Rent,1
APP0428,28,148268.0,97450.0,842.0,Unemployed,60,1,0.186,Mortgage,0
APP0429,52,22066.0,85645.0,638.0,Salaried,36,1,0.504,Own,0
APP0430,33,133896.0,99127.0,841.0,Salaried,60,2,0.388,Mortgage,1
APP0431,68,31670.0,63987.0,495.0,Salaried,48,3,0.358,Rent,0
APP0432,59,137716.0,102180.0,825.0,Salaried,60,4,0.128,Rent,0
APP0433,68,151805.0,120194.0,624.0,Self-employed,60,2,0.413,Rent,1
APP0434,47,39231.0,115621.0,339.0,Salaried,24,5,0.12,Own,1
APP0435,67,88281.0,94006.0,525.0,Self-employed,36,3,0.165,Rent,1
APP0436,21,38048.0,13425.0,375.0,Salaried,24,0,0.143,Own,0
APP0437,35,109900.0,110118.0,818.0,Unemployed,60,4,0.718,Rent,1
APP0438,21,168266.0,58158.0,467.0,Salaried,36,3,0.249,Rent,1
APP0439,54,31100.0,112832.0,422.0,Contract,36,2,0.299,Rent,0
APP0440,46,82408.0,83232.0,604.0,Salaried,60,2,0.275,Own,0
APP0441,35,175646.0,132772.0,534.0,Salaried,24,1,0.679,Own,1
APP0442,36,66753.0,54076.0,353.0,Contract,36,3,0.444,Own,0
APP0443,53,39419.0,140053.0,749.0,Self-employed,48,3,0.693,Own,0
APP0444,30,97151.0,127450.0,766.0,Contract,12,2,0.26,Rent,0
APP0445,46,100356.0,53010.0,709.0,Salaried,36,1,0.13,Own,0
APP0446,51,125384.0,74973.0,639.0,Self-employed,60,2,0.439,Mortgage,0
APP0447,32,68825.0,82045.0,521.0,Contract,12,2,0.292,Own,1
APP0448,32,172811.0,116451.0,598.0,Self-employed,36,2,0.611,Own,1
APP0449,38,102406.0,104928.0,587.0,Salaried,36,1,0.666,Mortgage,1
APP0450,50,64404.0,128543.0,391.0,Self-employed,48,3,0.381,Own,1
APP0451,33,173567.0,58631.0,345.0,Self-employed,24,1,0.73,Rent,1
APP0452,39,167819.0,78195.0,439.0,Unemployed,60,3,0.437,Mortgage,1
APP0453,48,98865.0,67475.0,550.0,Salaried,60,0,0.24,Mortgage,1
APP0454,30,22027.0,136885.0,388.0,Salaried,24,2,0.392,Rent,1
APP0455,49,114704.0,49222.0,358.0,Contract,36,4,0.076,Own,1
APP0456,27,107942.0,90133.0,769.0,Salaried,36,4,0.613,Rent,1
APP0457,28,42009.0,22424.0,506.0,Self-employed,48,4,0.121,Mortgage,0
APP0458,32,120704.0,128290.0,621.0,Salaried,36,4,0.266,Mortgage,0
APP0459,35,154209.0,60711.0,588.0,Salaried,24,0,0.446,Own,1
APP0460,22,35155.0,54386.0,705.0,Self-employed,24,2,0.08,Rent,0
APP0461,69,135178.0,89523.0,707.0,Salaried,60,3,0.106,Rent,0
APP0462,36,40735.0,77328.0,463.0,Salaried,36,4,0.537,Own,1
APP0463,61,139310.0,127957.0,767.0,Self-employed,60,3,0.1,Rent,0
APP0464,66,85896.0,82055.0,504.0,Self-employed,36,5,0.384,Own,1
APP0465,61,19054.0,79964.0,760.0,Contract,60,1,0.287,Rent,0
APP0466,62,174530.0,20222.0,523.0,Salaried,24,0,0.21,Own,0
APP0467,26,44887.0,8181.0,361.0,Salaried,24,0,0.182,Rent,1
APP0468,39,114559.0,62790.0,718.0,Unemployed,60,3,0.584,Own,1
APP0469,58,47398.0,149740.0,316.0,Salaried,60,3,0.716,Rent,1
APP0470,49,169150.0,138014.0,725.0,Salaried,36,1,0.148,Own,0
APP0471,21,137609.0,96202.0,323.0,Salaried,36,4,0.722,Mortgage,1
APP0472,49,148307.0,96471.0,413.0,Self-employed,36,4,0.466,Own,0
APP0473,61,87997.0,61768.0,632.0,Contract,36,2,0.499,Rent,0
APP0474,62,93716.0,30738.0,818.0,Contract,24,1,0.547,Own,0
APP0475,40,120757.0,6239.0,525.0,Self-employed,60,4,0.543,Own,1
APP0476,32,145132.0,54134.0,366.0,Salaried,36,4,0.624,Own,1
APP0477,36,155211.0,50888.0,428.0,Salaried,48,1,0.388,Own,1
APP0478,35,20889.0,32782.0,793.0,Salaried,12,1,0.423,Own,0
APP0479,38,125497.0,42579.0,700.0,Salaried,12,2,0.277,Rent,0
APP0480,36,35681.0,8599.0,355.0,Salaried,48,3,0.124,Rent,1
APP0481,43,64645.0,93154.0,512.0,Salaried,36,0,0.515,Own,1
APP0482,23,152368.0,139482.0,445.0,Salaried,48,5,0.074,Rent,0
APP0483,34,58583.0,105166.0,397.0,Self-employed,24,2,0.243,Rent,1
APP0484,36,147085.0,69990.0,766.0,Self-employed,60,2,0.116,Own,0
APP0485,28,93007.0,65939.0,640.0,Salaried,48,0,0.184,Rent,0
APP0486,64,55688.0,49592.0,398.0,Salaried,60,5,0.497,Own,1
APP0487,54,72147.0,25649.0,658.0,Contract,24,1,0.49,Own,1
APP0488,66,103985.0,91779.0,527.0,Self-employed,36,5,0.345,Rent,1
APP0489,49,141954.0,87146.0,333.0,Contract,36,2,0.113,Mortgage,0
APP0490,26,116175.0,6060.0,547.0,Salaried,36,5,0.353,Mortgage,0
APP0491,66,169183.0,65251.0,402.0,Contract,36,1,0.297,Mortgage,1
APP0492,43,158574.0,45313.0,435.0,Salaried,12,0,0.554,Rent,1
APP0493,55,140044.0,29691.0,784.0,Salaried,36,4,0.455,Own,0
APP0494,40,115703.0,106940.0,691.0,Salaried,36,4,0.394,Rent,1
APP0495,45,64956.0,81245.0,373.0,Salaried,36,3,0.391,Own,1
APP0496,45,84837.0,96897.0,769.0,Salaried,24,0,0.726,Own,1
APP0497,35,37260.0,108455.0,616.0,Salaried,36,5,0.579,Own,1
APP0498,48,78618.0,147362.0,781.0,Contract,36,2,0.398,Rent,0
APP0499,57,168089.0,121401.0,711.0,Salaried,36,5,0.385,Rent,1
APP0500,22,86993.0,94952.0,486.0,Salaried,36,5,0.069,Own,0
APP0501,27,36424.0,132459.0,594.0,Salaried,36,5,0.71,Rent,1
APP0502,63,123613.0,74238.0,592.0,Salaried,48,4,0.273,Rent,1
APP0503,49,173944.0,147792.0,696.0,Salaried,36,4,0.229,Mortgage,1
APP0504,69,158534.0,115408.0,436.0,Salaried,36,3,0.75,Own,1
APP0505,51,62400.0,99378.0,483.0,Salaried,60,0,0.553,Rent,0
APP0506,53,91531.0,135983.0,434.0,Contract,36,2,0.083,Own,1
APP0507,65,104025.0,79686.0,463.0,Unemployed,60,4,0.093,Rent,1
APP0508,54,58150.0,109501.0,388.0,Salaried,48,4,0.068,Own,1
APP0509,37,61528.0,46286.0,320.0,Self-employed,12,3,0.47,Own,1
APP0510,47,56339.0,144666.0,817.0,Contract,36,4,0.1,Rent,1
APP0511,32,179123.0,95388.0,340.0,Unemployed,48,0,0.703,Own,1
APP0512,37,138855.0,118391.0,789.0,Self-employed,60,2,0.706,Own,0
APP0513,55,154219.0,71807.0,301.0,Contract,36,3,0.432,Mortgage,1
APP0514,28,150284.0,130687.0,728.0,Unemployed,24,5,0.482,Own,1
APP0515,54,173382.0,15755.0,480.0,Contract,36,1,0.254,Rent,1
APP0516,50,35055.0,21545.0,585.0,Salaried,24,1,0.095,Rent,0
APP0517,36,160825.0,78532.0,455.0,Salaried,48,2,0.566,Own,1
APP0518,23,28782.0,111200.0,570.0,Salaried,36,1,0.121,Rent,1
APP0519,56,95018.0,122337.0,548.0,Salaried,48,3,0.11,Own,1
APP0520,62,114298.0,68813.0,591.0,Salaried,60,3,0.268,Rent,1
APP0521,57,75973.0,99203.0,516.0,Salaried,36,4,0.059,Own,1
APP0522,42,41680.0,85200.0,595.0,Self-employed,36,5,0.354,Own,1
APP0523,53,49153.0,144421.0,754.0,Self-employed,48,0,0.545,Rent,0
APP0524,41,151596.0,99845.0,539.0,Contract,60,1,0.611,Mortgage,1
APP0525,38,69633.0,65442.0,499.0,Salaried,60,1,0.473,Mortgage,0
APP0526,37,68274.0,145624.0,372.0,Salaried,12,1,0.643,Mortgage,1
APP0527,31,167585.0,20551.0,498.0,Contract,36,4,0.335,Rent,1
APP0528,69,41307.0,147764.0,369.0,Contract,24,0,0.644,Rent,1
APP0529,54,166274.0,27332.0,400.0,Unemployed,60,0,0.405,Rent,1
APP0530,29,167198.0,46793.0,824.0,Contract,36,5,0.206,Mortgage,1
APP0531,64,114967.0,124113.0,349.0,Contract,36,5,0.711,Rent,1
APP0532,28,44816.0,111394.0,565.0,Salaried,24,1,0.242,Rent,1
APP0533,50,43249.0,145702.0,759.0,Salaried,36,1,0.068,Rent,0
APP0534,29,64124.0,113748.0,825.0,Salaried,48,3,0.22,Rent,0
APP0535,39,111541.0,97366.0,380.0,Self-employed,24,3,0.307,Own,0
APP0536,53,42885.0,55241.0,390.0,Unemployed,24,5,0.296,Rent,1
APP0537,70,91817.0,5683.0,505.0,Salaried,60,2,0.417,Rent,0
APP0538,70,36709.0,22961.0,605.0,Self-employed,48,0,0.668,Mortgage,0
APP0539,65,105526.0,48177.0,828.0,Salaried,24,2,0.255,Rent,1
APP0540,32,21425.0,10937.0,414.0,Salaried,36,3,0.415,Mortgage,1
APP0541,25,132864.0,78686.0,390.0,Salaried,60,3,0.288,Rent,1
APP0542,66,26974.0,117715.0,439.0,Salaried,48,3,0.625,Mortgage,1
APP0543,67,49561.0,144672.0,781.0,Unemployed,36,5,0.16,Own,1
APP0544,34,46292.0,76006.0,316.0,Salaried,36,4,0.122,Mortgage,1
APP0545,21,152621.0,131876.0,509.0,Contract,36,1,0.402,Rent,0
APP0546,53,26647.0,147904.0,365.0,Self-employed,12,2,0.52,Own,1
APP0547,24,87540.0,129675.0,386.0,Salaried,48,4,0.607,Own,1
APP0548,23,113765.0,72421.0,805.0,Salaried,12,2,0.463,Own,0
APP0549,67,101591.0,52163.0,300.0,Contract,12,2,0.592,Rent,1
APP0550,45,128276.0,146798.0,477.0,Salaried,48,1,0.325,Rent,0
APP0551,26,148103.0,,804.0,Unemployed,60,1,0.073,Mortgage,0
APP0552,53,81768.0,64678.0,635.0,Salaried,48,4,0.131,Rent,1
APP0553,39,152172.0,15734.0,339.0,Self-employed,36,5,0.077,Rent,1
APP0554,47,69514.0,120084.0,556.0,Contract,36,4,0.28,Rent,1
APP0555,65,177477.0,99227.0,834.0,Salaried,36,1,0.397,Mortgage,1
APP0556,32,99733.0,17298.0,520.0,Salaried,36,0,0.299,Mortgage,0
APP0557,53,137234.0,37179.0,591.0,Unemployed,36,0,0.442,Own,0
APP0558,62,159751.0,85542.0,593.0,Salaried,36,2,0.386,Mortgage,0
APP0559,42,146410.0,83360.0,663.0,Salaried,36,3,0.525,Rent,1
APP0560,69,155884.0,121299.0,403.0,Salaried,60,5,0.517,Mortgage,1
APP0561,43,104915.0,43584.0,762.0,Salaried,60,5,0.273,Mortgage,0
APP0562,43,25043.0,139082.0,844.0,Contract,12,0,0.292,Rent,0
APP0563,65,97880.0,69449.0,378.0,Contract,36,4,0.46,Own,1
APP0564,52,47402.0,124275.0,750.0,Salaried,24,1,0.468,Rent,0
APP0565,64,162037.0,39565.0,750.0,Contract,36,1,0.27,Own,0
APP0566,60,56352.0,10360.0,708.0,Salaried,36,3,0.281,Mortgage,1
APP0567,56,54947.0,12982.0,504.0,Salaried,24,0,0.536,Own,1
APP0568,33,58401.0,59042.0,558.0,Self-employed,48,2,0.503,Rent,0
APP0569,40,122096.0,143208.0,762.0,Unemployed,36,3,0.145,Mortgage,0
APP0570,64,110540.0,12061.0,384.0,Salaried,60,1,0.359,Own,1
APP0571,51,171713.0,58502.0,756.0,Salaried,12,3,0.675,Rent,0
APP0572,35,85434.0,20846.0,807.0,Salaried,12,2,0.075,Rent,0
APP0573,37,63729.0,140077.0,675.0,Contract,36,4,0.649,Rent,1
APP0574,59,25979.0,102919.0,488.0,Salaried,24,1,0.164,Own,1
APP0575,29,19146.0,115591.0,608.0,Salaried,36,0,0.405,Own,1
APP0576,26,78525.0,108423.0,327.0,Self-employed,60,3,0.347,Rent,1
APP0577,59,167983.0,100269.0,813.0,Salaried,24,1,0.057,Rent,0
APP0578,35,102848.0,117190.0,488.0,Salaried,24,4,0.691,Rent,1
APP0579,59,162755.0,6178.0,331.0,Salaried,36,0,0.368,Own,1
APP0580,47,34470.0,130492.0,737.0,Salaried,36,3,0.718,Rent,0
APP0581,70,33118.0,112281.0,662.0,Salaried,36,5,0.251,Rent,1
APP0582,47,153021.0,112218.0,643.0,Contract,36,0,0.656,Own,0
APP0583,64,35292.0,62048.0,329.0,Self-employed,60,1,0.696,Rent,1
APP0584,63,26417.0,121127.0,713.0,Self-employed,24,5,0.44,Rent,1
APP0585,31,83463.0,60364.0,651.0,Unemployed,36,3,0.192,Rent,0
APP0586,70,167825.0,12099.0,737.0,Salaried,48,1,0.53,Mortgage,0
APP0587,58,129680.0,136634.0,755.0,Salaried,60,1,0.434,Rent,0
APP0588,26,34056.0,39007.0,416.0,Unemployed,36,4,0.711,Rent,1
APP0589,21,153616.0,19775.0,416.0,Salaried,36,5,0.357,Own,1
APP0590,34,154659.0,95175.0,809.0,Self-employed,12,2,0.238,Own,1
APP0591,21,147713.0,38879.0,592.0,Contract,24,2,0.147,Own,0
APP0592,38,164230.0,129429.0,541.0,Salaried,12,4,0.539,Mortgage,1
APP0593,70,56860.0,69344.0,458.0,Salaried,48,1,0.732,Mortgage,1
APP0594,44,176691.0,5652.0,652.0,Salaried,36,1,0.07,Own,1
APP0595,22,69953.0,143000.0,715.0,Salaried,48,4,0.568,Own,1
APP0596,45,147928.0,79621.0,301.0,Salaried,12,1,0.699,Rent,1
APP0597,31,111857.0,43131.0,604.0,Salaried,60,4,0.102,Rent,0
APP0598,63,144276.0,103207.0,847.0,Contract,60,2,0.127,Rent,0
APP0599,25,119707.0,81939.0,454.0,Unemployed,24,5,0.534,Rent,1
APP0600,59,122082.0,9293.0,454.0,Contract,12,0,0.504,Mortgage,0
APP0601,43,117838.0,115149.0,783.0,Salaried,12,5,0.098,Own,1
APP0602,21,144198.0,63196.0,334.0,Salaried,60,1,0.634,Rent,1
APP0603,54,137725.0,106474.0,519.0,Salaried,36,0,0.416,Rent,1
APP0604,43,39797.0,134867.0,552.0,Salaried,36,4,0.685,Rent,1
APP0605,59,151821.0,93539.0,739.0,Unemployed,36,3,0.665,Mortgage,1
APP0606,51,104843.0,102384.0,371.0,Salaried,48,5,0.619,Own,1
APP0607,60,70339.0,41924.0,539.0,Salaried,36,0,0.411,Rent,0
APP0608,44,101304.0,39460.0,383.0,Contract,36,0,0.226,Rent,1
APP0609,21,174652.0,65175.0,733.0,Salaried,60,3,0.404,Mortgage,0
APP0610,27,156927.0,128654.0,648.0,Salaried,24,5,0.121,Rent,1
APP0611,43,153059.0,81008.0,573.0,Salaried,60,2,0.511,Rent,0
APP0612,40,92973.0,55464.0,516.0,Self-employed,12,4,0.144,Mortgage,0
APP0613,60,145031.0,118044.0,384.0,Contract,36,5,0.408,Mortgage,1
APP0614,41,80384.0,128735.0,807.0,Salaried,60,5,0.088,Rent,1
APP0615,64,129159.0,135868.0,656.0,Unemployed,48,3,0.26,Mortgage,0
APP0616,30,121609.0,48347.0,475.0,Contract,48,4,0.212,Own,0
APP0617,40,58467.0,107898.0,528.0,Contract,36,3,0.484,Rent,1
APP0618,58,61167.0,90597.0,700.0,Salaried,36,4,0.601,Mortgage,0
APP0619,27,27903.0,70101.0,696.0,Salaried,36,3,0.09,Rent,0
APP0620,37,40642.0,62556.0,554.0,Contract,36,3,0.645,Rent,1
APP0621,58,88246.0,21610.0,466.0,Salaried,36,2,0.653,Mortgage,0
APP0622,50,95416.0,44849.0,663.0,Self-employed,36,3,0.29,Mortgage,1
APP0623,59,44749.0,84702.0,662.0,Contract,36,4,0.511,Mortgage,0
APP0624,46,85536.0,133551.0,630.0,Salaried,36,5,0.332,Rent,1
APP0625,63,115877.0,130620.0,340.0,Contract,36,3,0.158,Mortgage,1
APP0626,64,55676.0,32201.0,560.0,Unemployed,24,0,0.42,Own,0
APP0627,69,72794.0,103502.0,638.0,Self-employed,60,3,0.11,Rent,1
APP0628,27,77537.0,17297.0,823.0,Salaried,36,1,0.665,Rent,0
APP0629,50,99819.0,102877.0,589.0,Contract,24,0,0.697,Mortgage,1
APP0630,26,77355.0,54579.0,488.0,Self-employed,48,0,0.625,Mortgage,1
APP0631,32,137385.0,70228.0,606.0,Self-employed,60,3,0.444,Rent,1
APP0632,36,71054.0,109058.0,397.0,Contract,36,5,0.44,Rent,1
APP0633,53,88291.0,66609.0,349.0,Self-employed,24,3,0.739,Rent,1
APP0634,42,79473.0,122078.0,673.0,Salaried,12,2,0.224,Rent,0
APP0635,64,47632.0,82369.0,843.0,Salaried,12,0,0.103,Rent,0
APP0636,35,129091.0,149818.0,766.0,Salaried,48,4,0.443,Own,0
APP0637,51,56142.0,97545.0,621.0,Salaried,60,0,0.28,Rent,0
APP0638,59,66094.0,47972.0,322.0,Salaried,12,5,0.276,Mortgage,1
APP0639,70,146426.0,117417.0,844.0,Self-employed,48,4,0.055,Rent,1
APP0640,33,171715.0,64151.0,547.0,Salaried,12,5,0.467,Mortgage,1
APP0641,57,126677.0,82454.0,459.0,Contract,36,1,0.235,Rent,1
APP0642,25,166449.0,24839.0,791.0,Unemployed,48,0,0.182,Rent,0
APP0643,48,156379.0,22304.0,711.0,Salaried,36,1,0.078,Own,0
APP0644,41,95907.0,88357.0,713.0,Self-employed,12,4,0.305,Rent,0
APP0645,68,142787.0,32070.0,453.0,Self-employed,36,1,0.665,Rent,0
APP0646,59,71194.0,149650.0,846.0,Self-employed,60,5,0.286,Own,0
APP0647,67,92600.0,129073.0,549.0,Salaried,36,0,0.525,Own,1
APP0648,63,104740.0,106628.0,592.0,Contract,24,0,0.58,Rent,1
APP0649,41,173600.0,111532.0,713.0,Unemployed,24,1,0.28,Rent,1
APP0650,57,155467.0,91306.0,663.0,Self-employed,36,4,0.625,Rent,1
APP0651,22,97259.0,13742.0,394.0,Unemployed,36,3,0.534,Own,1
APP0652,48,123719.0,61893.0,466.0,Unemployed,48,2,0.441,Rent,1
APP0653,23,50781.0,76891.0,499.0,Salaried,48,3,0.051,Rent,1
APP0654,57,148312.0,137719.0,822.0,Self-employed,60,3,0.075,Rent,0
APP0655,69,107592.0,36826.0,693.0,Salaried,60,3,0.744,Rent,1
APP0656,55,104301.0,77053.0,501.0,Unemployed,36,3,0.598,Own,1
APP0657,62,142138.0,54889.0,704.0,Salaried,36,0,0.706,Mortgage,0
APP0658,32,120533.0,24483.0,706.0,Salaried,36,1,0.682,Own,1
APP0659,70,29739.0,19937.0,517.0,Contract,36,3,0.064,Rent,1
APP0660,48,64681.0,57980.0,522.0,Salaried,60,0,0.604,Own,1
APP0661,54,46628.0,16951.0,792.0,Contract,48,2,0.366,Rent,0
APP0662,59,137053.0,14739.0,609.0,Salaried,60,0,0.603,Own,0
APP0663,52,23693.0,55876.0,382.0,Unemployed,36,4,0.055,Mortgage,0
APP0664,36,50789.0,34287.0,696.0,Contract,36,0,0.252,Rent,1
APP0665,51,114786.0,85447.0,624.0,Salaried,36,0,0.576,Rent,0
APP0666,53,130557.0,7561.0,580.0,Contract,24,3,0.605,Own,1
APP0667,63,99535.0,48763.0,699.0,Salaried,36,1,0.484,Own,0
APP0668,45,157437.0,70726.0,799.0,Self-employed,36,2,0.261,Rent,0
APP0669,46,166869.0,144656.0,482.0,Self-employed,12,1,0.267,Rent,1
APP0670,46,39400.0,97008.0,531.0,Contract,60,1,0.727,Rent,1
APP0671,26,172307.0,132705.0,404.0,Salaried,24,4,0.357,Mortgage,1
APP0672,25,117530.0,54777.0,656.0,Salaried,24,4,0.363,Rent,1
APP0673,22,121068.0,70208.0,521.0,Self-employed,48,1,0.437,Mortgage,1
APP0674,54,33405.0,65955.0,488.0,Self-employed,24,4,0.337,Own,1
APP0675,41,118743.0,133673.0,683.0,Salaried,60,4,0.437,Mortgage,1
APP0676,64,135566.0,144086.0,524.0,Salaried,48,3,0.353,Rent,1
APP0677,56,112088.0,144539.0,555.0,Salaried,12,3,0.629,Rent,1
APP0678,28,31687.0,114035.0,542.0,Contract,48,5,0.686,Mortgage,1
APP0679,26,102763.0,77951.0,442.0,Salaried,36,2,0.702,Rent,1
APP0680,39,169623.0,83424.0,369.0,Salaried,48,2,0.445,Mortgage,1
APP0681,67,135194.0,147174.0,755.0,Unemployed,60,3,0.36,Rent,0
APP0682,23,40260.0,46258.0,350.0,Salaried,48,5,0.544,Own,0
APP0683,30,173510.0,55272.0,479.0,Self-employed,36,4,0.637,Rent,1
APP0684,22,173339.0,135065.0,667.0,Salaried,36,0,0.444,Rent,0
APP0685,41,45442.0,61017.0,372.0,Contract,48,2,0.54,Mortgage,1
APP0686,70,147744.0,39089.0,661.0,Self-employed,60,4,0.575,Mortgage,0
APP0687,55,83888.0,86268.0,703.0,Contract,36,1,0.523,Own,0
APP0688,45,114177.0,52175.0,665.0,Salaried,48,5,0.572,Own,1
APP0689,28,90120.0,134177.0,468.0,Self-employed,36,4,0.196,Own,1
APP0690,38,144785.0,136815.0,310.0,Contract,48,5,0.399,Rent,1
APP0691,47,179459.0,49371.0,788.0,Salaried,60,0,0.462,Own,0
APP0692,34,146809.0,81784.0,479.0,Salaried,24,3,0.052,Rent,1
APP0693,56,168883.0,147679.0,743.0,Salaried,24,3,0.649,Rent,1
APP0694,70,171257.0,112636.0,408.0,Unemployed,36,3,0.477,Mortgage,1
APP0695,31,32597.0,36266.0,389.0,Self-employed,36,5,0.14,Own,1
APP0696,33,59048.0,90658.0,728.0,Self-employed,36,2,0.621,Rent,0
APP0697,27,134941.0,94884.0,817.0,Self-employed,12,3,0.552,Own,0
APP0698,57,113592.0,99749.0,774.0,Self-employed,36,4,0.581,Mortgage,1
APP0699,44,26123.0,8626.0,713.0,Salaried,36,4,0.324,Own,0
APP0700,35,33398.0,48410.0,435.0,Salaried,36,4,0.648,Own,1
